tree_lat,tree_lon,bearing,road_lat,road_lon,CONDITIE,original_lat,original_lon,adjustment
51.988270913461385,4.333302111747729,223.66005988069293,51.98849987306683,4.333656910070787,Slecht,51.98845494666074,4.333678855868461,-5m
51.988270913461385,4.333302111747729,240.465316277282,51.98841002025465,4.333700801666136,Slecht,51.98845494666074,4.333678855868461,+5m
51.991408279122375,4.333334992219838,210.1499180770091,51.99146098023851,4.333384703407996,Slecht,51.991460705517376,4.333334704162719,+5m
