tree_lat,tree_lon,bearing,road_lat,road_lon,CONDITIE,Reason
51.99067613996325,4.332983799744932,178.64034367804993,51.99069388369375,4.332983115832407,,No condition
52.01112713888625,4.331399358258227,164.20104727268244,52.01116131977183,4.331383645166164,,No condition
